<?xml version="1.0" encoding="utf-8" standalone="yes"?>
<rss version="2.0" xmlns:atom="http://www.w3.org/2005/Atom" xmlns:content="http://purl.org/rss/1.0/modules/content/">
  <channel>
    <title>Categories on Hanlon.me</title>
    <link>https://hanlon.me/categories/</link>
    <description>Recent content in Categories on Hanlon.me</description>
    <generator>Hugo -- gohugo.io</generator>
    <language>en-us</language>
    <atom:link href="https://hanlon.me/categories/index.xml" rel="self" type="application/rss+xml" />
  </channel>
</rss>
